{
  "people":
  [
    {
      "name": "Josephin Doe",
      "job":  "Software Engineer",
      "image":  "../assets/images/profile-girl.png",
      "flag": "true",
      "sno": "1",
      "follow": "true"
    },

    {
      "name": "John Smith",
      "job":  "Web Developer at NewWorld",
      "image":  "../assets/images/profile.jpg",
      "flag": "true",
      "sno": "2",
      "follow": "true"
    },

    {
      "name": "A B Devillers",
      "job":  "Cricket",
      "image":  "../assets/images/avatar-1.png",
      "flag": "true",
      "sno": "3",
      "follow": "true"
    },

    {
      "name": "Aron Doe",
      "job":  "Social Worker",
      "image":  "../assets/images/avatar-1.png",
      "flag": "true",
      "sno": "4",
      "follow": "true"
    },

    {
      "name": "Joe Root",
      "job":  "Politician",
      "image":  "../assets/images/profile.jpg",
      "flag": "true",
      "sno": "5",
      "follow": "true"
    },

    {
      "name": "John Philip",
      "job":  "Tourist",
      "image":  "../assets/images/profile.jpg",
      "flag": "true",
      "sno": "6",
      "follow": "true"
    },

    {
      "name": "Steve Roggers",
      "job":  "Police Man",
      "image":  "../assets/images/avatar-1.png",
      "flag": "true",
      "sno": "7",
      "follow": "true"
    },

    {
      "name": "Karina Smith",
      "job":  "Scientist",
      "image":  "../assets/images/profile-girl.png",
      "flag": "true",
      "sno": "8",
      "follow": "true"
    },

    {
      "name": "Warren Steve",
      "job":  "Investor",
      "image":  "../assets/images/avatar-1.png",
      "flag": "true",
      "sno": "9",
      "follow": "true"
    },

    {
      "name": "Kate Johnson",
      "job":  "Actress",
      "image":  "../assets/images/profile-girl.png",
      "flag": "true",
      "sno": "10",
      "follow": "true"
    },

    {
      "name": "William Cruse",
      "job":  "Mechenical Engineer",
      "image":  "../assets/images/avatar-1.png",
      "flag": "false",
      "sno": "11",
      "follow": "true"
    },

    {
      "name": "John Willson",
      "job":  "Wrestler",
      "image":  "../assets/images/profile.jpg",
      "flag": "false",
      "sno": "12",
      "follow": "true"
    },

    {
      "name": "Anna Johnson",
      "job":  "Singer and Rapper",
      "image":  "../assets/images/profile-girl.png",
      "flag": "false",
      "sno": "13",
      "follow": "true"
    },

    {
      "name": "Kim Truth",
      "job":  "Teacher and scholar",
      "image":  "../assets/images/profile-girl.png",
      "flag": "false",
      "sno": "14",
      "follow": "true"
    }
  ]
}
